,car_ID,symboling,CarName,fueltype,aspiration,doornumber,carbody,drivewheel,enginelocation,wheelbase,carlength,carwidth,carheight,curbweight,enginetype,cylindernumber,enginesize,fuelsystem,boreratio,stroke,compressionratio,horsepower,peakrpm,citympg,highwaympg,price,brand_name
0,1,3,ALFA-ROMERO GIULIA,GAS,STD,2,CONVERTIBLE,RWD,FRONT,88.6,168.8,64.1,48.8,2548,DOHC,4,130,MPFI,3.47,2.68,9.0,111,5000,21,27,13495.0,ALFA-ROMERO
1,2,3,ALFA-ROMERO STELVIO,GAS,STD,2,CONVERTIBLE,RWD,FRONT,88.6,168.8,64.1,48.8,2548,DOHC,4,130,MPFI,3.47,2.68,9.0,111,5000,21,27,16500.0,ALFA-ROMERO
2,3,1,ALFA-ROMERO QUADRIFOGLIO,GAS,STD,2,HATCHBACK,RWD,FRONT,94.5,171.2,65.5,52.4,2823,OHCV,6,152,MPFI,2.68,3.47,9.0,154,5000,19,26,16500.0,ALFA-ROMERO
3,4,2,AUDI 100 LS,GAS,STD,4,SEDAN,FWD,FRONT,99.8,176.6,66.2,54.3,2337,OHC,4,109,MPFI,3.19,3.4,10.0,102,5500,24,30,13950.0,AUDI
4,5,2,AUDI 100LS,GAS,STD,4,SEDAN,4WD,FRONT,99.4,176.6,66.4,54.3,2824,OHC,5,136,MPFI,3.19,3.4,8.0,115,5500,18,22,17450.0,AUDI
5,6,2,AUDI FOX,GAS,STD,2,SEDAN,FWD,FRONT,99.8,177.3,66.3,53.1,2507,OHC,5,136,MPFI,3.19,3.4,8.5,110,5500,19,25,15250.0,AUDI
6,7,1,AUDI 100LS,GAS,STD,4,SEDAN,FWD,FRONT,105.8,192.7,71.4,55.7,2844,OHC,5,136,MPFI,3.19,3.4,8.5,110,5500,19,25,17710.0,AUDI
7,8,1,AUDI 5000,GAS,STD,4,WAGON,FWD,FRONT,105.8,192.7,71.4,55.7,2954,OHC,5,136,MPFI,3.19,3.4,8.5,110,5500,19,25,18920.0,AUDI
8,9,1,AUDI 4000,GAS,TURBO,4,SEDAN,FWD,FRONT,105.8,192.7,71.4,55.9,3086,OHC,5,131,MPFI,3.13,3.4,8.3,140,5500,17,20,23875.0,AUDI
9,10,0,AUDI 5000S (DIESEL),GAS,TURBO,2,HATCHBACK,4WD,FRONT,99.5,178.2,67.9,52.0,3053,OHC,5,131,MPFI,3.13,3.4,7.0,160,5500,16,22,17859.167,AUDI
10,11,2,BMW 320I,GAS,STD,2,SEDAN,RWD,FRONT,101.2,176.8,64.8,54.3,2395,OHC,4,108,MPFI,3.5,2.8,8.8,101,5800,23,29,16430.0,BMW
11,12,0,BMW 320I,GAS,STD,4,SEDAN,RWD,FRONT,101.2,176.8,64.8,54.3,2395,OHC,4,108,MPFI,3.5,2.8,8.8,101,5800,23,29,16925.0,BMW
12,13,0,BMW X1,GAS,STD,2,SEDAN,RWD,FRONT,101.2,176.8,64.8,54.3,2710,OHC,6,164,MPFI,3.31,3.19,9.0,121,4250,21,28,20970.0,BMW
13,14,0,BMW X3,GAS,STD,4,SEDAN,RWD,FRONT,101.2,176.8,64.8,54.3,2765,OHC,6,164,MPFI,3.31,3.19,9.0,121,4250,21,28,21105.0,BMW
14,15,1,BMW Z4,GAS,STD,4,SEDAN,RWD,FRONT,103.5,189.0,66.9,55.7,3055,OHC,6,164,MPFI,3.31,3.19,9.0,121,4250,20,25,24565.0,BMW
15,16,0,BMW X4,GAS,STD,4,SEDAN,RWD,FRONT,103.5,189.0,66.9,55.7,3230,OHC,6,209,MPFI,3.62,3.39,8.0,182,5400,16,22,30760.0,BMW
16,17,0,BMW X5,GAS,STD,2,SEDAN,RWD,FRONT,103.5,193.8,67.9,53.7,3380,OHC,6,209,MPFI,3.62,3.39,8.0,182,5400,16,22,41315.0,BMW
17,18,0,BMW X3,GAS,STD,4,SEDAN,RWD,FRONT,110.0,197.0,70.9,56.3,3505,OHC,6,209,MPFI,3.62,3.39,8.0,182,5400,15,20,36880.0,BMW
18,19,2,CHEVROLET IMPALA,GAS,STD,2,HATCHBACK,FWD,FRONT,88.4,141.1,60.3,53.2,1488,L,3,61,2BBL,2.91,3.03,9.5,48,5100,47,53,5151.0,CHEVROLET
19,20,1,CHEVROLET MONTE CARLO,GAS,STD,2,HATCHBACK,FWD,FRONT,94.5,155.9,63.6,52.0,1874,OHC,4,90,2BBL,3.03,3.11,9.6,70,5400,38,43,6295.0,CHEVROLET
20,21,0,CHEVROLET VEGA 2300,GAS,STD,4,SEDAN,FWD,FRONT,94.5,158.8,63.6,52.0,1909,OHC,4,90,2BBL,3.03,3.11,9.6,70,5400,38,43,6575.0,CHEVROLET
21,22,1,DODGE RAMPAGE,GAS,STD,2,HATCHBACK,FWD,FRONT,93.7,157.3,63.8,50.8,1876,OHC,4,90,2BBL,2.97,3.23,9.41,68,5500,37,41,5572.0,DODGE
22,23,1,DODGE CHALLENGER SE,GAS,STD,2,HATCHBACK,FWD,FRONT,93.7,157.3,63.8,50.8,1876,OHC,4,90,2BBL,2.97,3.23,9.4,68,5500,31,38,6377.0,DODGE
23,24,1,DODGE D200,GAS,TURBO,2,HATCHBACK,FWD,FRONT,93.7,157.3,63.8,50.8,2128,OHC,4,98,MPFI,3.03,3.39,7.6,102,5500,24,30,7957.0,DODGE
24,25,1,DODGE MONACO (SW),GAS,STD,4,HATCHBACK,FWD,FRONT,93.7,157.3,63.8,50.6,1967,OHC,4,90,2BBL,2.97,3.23,9.4,68,5500,31,38,6229.0,DODGE
25,26,1,DODGE COLT HARDTOP,GAS,STD,4,SEDAN,FWD,FRONT,93.7,157.3,63.8,50.6,1989,OHC,4,90,2BBL,2.97,3.23,9.4,68,5500,31,38,6692.0,DODGE
26,27,1,DODGE COLT (SW),GAS,STD,4,SEDAN,FWD,FRONT,93.7,157.3,63.8,50.6,1989,OHC,4,90,2BBL,2.97,3.23,9.4,68,5500,31,38,7609.0,DODGE
27,28,1,DODGE CORONET CUSTOM,GAS,TURBO,2,SEDAN,FWD,FRONT,93.7,157.3,63.8,50.6,2191,OHC,4,98,MPFI,3.03,3.39,7.6,102,5500,24,30,8558.0,DODGE
28,29,-1,DODGE DART CUSTOM,GAS,STD,4,WAGON,FWD,FRONT,103.3,174.6,64.6,59.8,2535,OHC,4,122,2BBL,3.34,3.46,8.5,88,5000,24,30,8921.0,DODGE
29,30,3,DODGE CORONET CUSTOM (SW),GAS,TURBO,2,HATCHBACK,FWD,FRONT,95.9,173.2,66.3,50.2,2811,OHC,4,156,MFI,3.6,3.9,7.0,145,5000,19,24,12964.0,DODGE
30,31,2,HONDA CIVIC,GAS,STD,2,HATCHBACK,FWD,FRONT,86.6,144.6,63.9,50.8,1713,OHC,4,92,1BBL,2.91,3.41,9.6,58,4800,49,54,6479.0,HONDA
31,32,2,HONDA CIVIC CVCC,GAS,STD,2,HATCHBACK,FWD,FRONT,86.6,144.6,63.9,50.8,1819,OHC,4,92,1BBL,2.91,3.41,9.2,76,6000,31,38,6855.0,HONDA
32,33,1,HONDA CIVIC,GAS,STD,2,HATCHBACK,FWD,FRONT,93.7,150.0,64.0,52.6,1837,OHC,4,79,1BBL,2.91,3.07,10.1,60,5500,38,42,5399.0,HONDA
33,34,1,HONDA ACCORD CVCC,GAS,STD,2,HATCHBACK,FWD,FRONT,93.7,150.0,64.0,52.6,1940,OHC,4,92,1BBL,2.91,3.41,9.2,76,6000,30,34,6529.0,HONDA
34,35,1,HONDA CIVIC CVCC,GAS,STD,2,HATCHBACK,FWD,FRONT,93.7,150.0,64.0,52.6,1956,OHC,4,92,1BBL,2.91,3.41,9.2,76,6000,30,34,7129.0,HONDA
35,36,0,HONDA ACCORD LX,GAS,STD,4,SEDAN,FWD,FRONT,96.5,163.4,64.0,54.5,2010,OHC,4,92,1BBL,2.91,3.41,9.2,76,6000,30,34,7295.0,HONDA
36,37,0,HONDA CIVIC 1500 GL,GAS,STD,4,WAGON,FWD,FRONT,96.5,157.1,63.9,58.3,2024,OHC,4,92,1BBL,2.92,3.41,9.2,76,6000,30,34,7295.0,HONDA
37,38,0,HONDA ACCORD,GAS,STD,2,HATCHBACK,FWD,FRONT,96.5,167.5,65.2,53.3,2236,OHC,4,110,1BBL,3.15,3.58,9.0,86,5800,27,33,7895.0,HONDA
38,39,0,HONDA CIVIC 1300,GAS,STD,2,HATCHBACK,FWD,FRONT,96.5,167.5,65.2,53.3,2289,OHC,4,110,1BBL,3.15,3.58,9.0,86,5800,27,33,9095.0,HONDA
39,40,0,HONDA PRELUDE,GAS,STD,4,SEDAN,FWD,FRONT,96.5,175.4,65.2,54.1,2304,OHC,4,110,1BBL,3.15,3.58,9.0,86,5800,27,33,8845.0,HONDA
40,41,0,HONDA ACCORD,GAS,STD,4,SEDAN,FWD,FRONT,96.5,175.4,62.5,54.1,2372,OHC,4,110,1BBL,3.15,3.58,9.0,86,5800,27,33,10295.0,HONDA
41,42,0,HONDA CIVIC,GAS,STD,4,SEDAN,FWD,FRONT,96.5,175.4,65.2,54.1,2465,OHC,4,110,MPFI,3.15,3.58,9.0,101,5800,24,28,12945.0,HONDA
42,43,1,HONDA CIVIC (AUTO),GAS,STD,2,SEDAN,FWD,FRONT,96.5,169.1,66.0,51.0,2293,OHC,4,110,2BBL,3.15,3.58,9.1,100,5500,25,31,10345.0,HONDA
43,44,0,ISUZU MU-X,GAS,STD,4,SEDAN,RWD,FRONT,94.3,170.7,61.8,53.5,2337,OHC,4,111,2BBL,3.31,3.23,8.5,78,4800,24,29,6785.0,ISUZU
44,45,1,ISUZU D-MAX ,GAS,STD,2,SEDAN,FWD,FRONT,94.5,155.9,63.6,52.0,1874,OHC,4,90,2BBL,3.03,3.11,9.6,70,5400,38,43,8916.5,ISUZU
45,46,0,ISUZU D-MAX V-CROSS,GAS,STD,4,SEDAN,FWD,FRONT,94.5,155.9,63.6,52.0,1909,OHC,4,90,2BBL,3.03,3.11,9.6,70,5400,38,43,8916.5,ISUZU
46,47,2,ISUZU D-MAX ,GAS,STD,2,HATCHBACK,RWD,FRONT,96.0,172.6,65.2,51.4,2734,OHC,4,119,SPFI,3.43,3.23,9.2,90,5000,24,29,11048.0,ISUZU
47,48,0,JAGUAR XJ,GAS,STD,4,SEDAN,RWD,FRONT,113.0,199.6,69.6,52.8,4066,DOHC,6,258,MPFI,3.63,4.17,8.1,176,4750,15,19,32250.0,JAGUAR
48,49,0,JAGUAR XF,GAS,STD,4,SEDAN,RWD,FRONT,113.0,199.6,69.6,52.8,4066,DOHC,6,258,MPFI,3.63,4.17,8.1,176,4750,15,19,35550.0,JAGUAR
49,50,0,JAGUAR XK,GAS,STD,2,SEDAN,RWD,FRONT,102.0,191.7,70.6,47.8,3950,OHCV,12,326,MPFI,3.54,2.76,11.5,262,5000,13,17,36000.0,JAGUAR
50,51,1,MAXDA RX3,GAS,STD,2,HATCHBACK,FWD,FRONT,93.1,159.1,64.2,54.1,1890,OHC,4,91,2BBL,3.03,3.15,9.0,68,5000,30,31,5195.0,MAZDA
51,52,1,MAXDA GLC DELUXE,GAS,STD,2,HATCHBACK,FWD,FRONT,93.1,159.1,64.2,54.1,1900,OHC,4,91,2BBL,3.03,3.15,9.0,68,5000,31,38,6095.0,MAZDA
52,53,1,MAZDA RX2 COUPE,GAS,STD,2,HATCHBACK,FWD,FRONT,93.1,159.1,64.2,54.1,1905,OHC,4,91,2BBL,3.03,3.15,9.0,68,5000,31,38,6795.0,MAZDA
53,54,1,MAZDA RX-4,GAS,STD,4,SEDAN,FWD,FRONT,93.1,166.8,64.2,54.1,1945,OHC,4,91,2BBL,3.03,3.15,9.0,68,5000,31,38,6695.0,MAZDA
54,55,1,MAZDA GLC DELUXE,GAS,STD,4,SEDAN,FWD,FRONT,93.1,166.8,64.2,54.1,1950,OHC,4,91,2BBL,3.08,3.15,9.0,68,5000,31,38,7395.0,MAZDA
55,56,3,MAZDA 626,GAS,STD,2,HATCHBACK,RWD,FRONT,95.3,169.0,65.7,49.6,2380,ROTOR,2,70,4BBL,3.33,3.255,9.4,101,6000,17,23,10945.0,MAZDA
56,57,3,MAZDA GLC,GAS,STD,2,HATCHBACK,RWD,FRONT,95.3,169.0,65.7,49.6,2380,ROTOR,2,70,4BBL,3.33,3.255,9.4,101,6000,17,23,11845.0,MAZDA
57,58,3,MAZDA RX-7 GS,GAS,STD,2,HATCHBACK,RWD,FRONT,95.3,169.0,65.7,49.6,2385,ROTOR,2,70,4BBL,3.33,3.255,9.4,101,6000,17,23,13645.0,MAZDA
58,59,3,MAZDA GLC 4,GAS,STD,2,HATCHBACK,RWD,FRONT,95.3,169.0,65.7,49.6,2500,ROTOR,2,80,MPFI,3.33,3.255,9.4,135,6000,16,23,15645.0,MAZDA
59,60,1,MAZDA 626,GAS,STD,2,HATCHBACK,FWD,FRONT,98.8,177.8,66.5,53.7,2385,OHC,4,122,2BBL,3.39,3.39,8.6,84,4800,26,32,8845.0,MAZDA
60,61,0,MAZDA GLC CUSTOM L,GAS,STD,4,SEDAN,FWD,FRONT,98.8,177.8,66.5,55.5,2410,OHC,4,122,2BBL,3.39,3.39,8.6,84,4800,26,32,8495.0,MAZDA
61,62,1,MAZDA GLC CUSTOM,GAS,STD,2,HATCHBACK,FWD,FRONT,98.8,177.8,66.5,53.7,2385,OHC,4,122,2BBL,3.39,3.39,8.6,84,4800,26,32,10595.0,MAZDA
62,63,0,MAZDA RX-4,GAS,STD,4,SEDAN,FWD,FRONT,98.8,177.8,66.5,55.5,2410,OHC,4,122,2BBL,3.39,3.39,8.6,84,4800,26,32,10245.0,MAZDA
63,64,0,MAZDA GLC DELUXE,DIESEL,STD,4,SEDAN,FWD,FRONT,98.8,177.8,66.5,55.5,2443,OHC,4,122,IDI,3.39,3.39,22.7,64,4650,36,42,10795.0,MAZDA
64,65,0,MAZDA 626,GAS,STD,4,HATCHBACK,FWD,FRONT,98.8,177.8,66.5,55.5,2425,OHC,4,122,2BBL,3.39,3.39,8.6,84,4800,26,32,11245.0,MAZDA
65,66,0,MAZDA GLC,GAS,STD,4,SEDAN,RWD,FRONT,104.9,175.0,66.1,54.4,2670,OHC,4,140,MPFI,3.76,3.16,8.0,120,5000,19,27,18280.0,MAZDA
66,67,0,MAZDA RX-7 GS,DIESEL,STD,4,SEDAN,RWD,FRONT,104.9,175.0,66.1,54.4,2700,OHC,4,134,IDI,3.43,3.64,22.0,72,4200,31,39,18344.0,MAZDA
67,68,-1,BUICK ELECTRA 225 CUSTOM,DIESEL,TURBO,4,SEDAN,RWD,FRONT,110.0,190.9,70.3,56.5,3515,OHC,5,183,IDI,3.58,3.64,21.5,123,4350,22,25,25552.0,BUICK
68,69,-1,BUICK CENTURY LUXUS (SW),DIESEL,TURBO,4,WAGON,RWD,FRONT,110.0,190.9,70.3,58.7,3750,OHC,5,183,IDI,3.58,3.64,21.5,123,4350,22,25,28248.0,BUICK
69,70,0,BUICK CENTURY,DIESEL,TURBO,2,HARDTOP,RWD,FRONT,106.7,187.5,70.3,54.9,3495,OHC,5,183,IDI,3.58,3.64,21.5,123,4350,22,25,28176.0,BUICK
70,71,-1,BUICK SKYHAWK,DIESEL,TURBO,4,SEDAN,RWD,FRONT,115.6,202.6,71.7,56.3,3770,OHC,5,183,IDI,3.58,3.64,21.5,123,4350,22,25,31600.0,BUICK
71,72,-1,BUICK OPEL ISUZU DELUXE,GAS,STD,4,SEDAN,RWD,FRONT,115.6,202.6,71.7,56.5,3740,OHCV,8,234,MPFI,3.46,3.1,8.3,155,4750,16,18,34184.0,BUICK
72,73,3,BUICK SKYLARK,GAS,STD,2,CONVERTIBLE,RWD,FRONT,96.6,180.3,70.5,50.8,3685,OHCV,8,234,MPFI,3.46,3.1,8.3,155,4750,16,18,35056.0,BUICK
73,74,0,BUICK CENTURY SPECIAL,GAS,STD,4,SEDAN,RWD,FRONT,120.9,208.1,71.7,56.7,3900,OHCV,8,308,MPFI,3.8,3.35,8.0,184,4500,14,16,40960.0,BUICK
74,75,1,BUICK REGAL SPORT COUPE (TURBO),GAS,STD,2,HARDTOP,RWD,FRONT,112.0,199.2,72.0,55.4,3715,OHCV,8,304,MPFI,3.8,3.35,8.0,184,4500,14,16,45400.0,BUICK
75,76,1,MERCURY COUGAR,GAS,TURBO,2,HATCHBACK,RWD,FRONT,102.7,178.4,68.0,54.8,2910,OHC,4,140,MPFI,3.78,3.12,8.0,175,5000,19,24,16503.0,MERCURY
76,77,2,MITSUBISHI MIRAGE,GAS,STD,2,HATCHBACK,FWD,FRONT,93.7,157.3,64.4,50.8,1918,OHC,4,92,2BBL,2.97,3.23,9.4,68,5500,37,41,5389.0,MITSUBISHI
77,78,2,MITSUBISHI LANCER,GAS,STD,2,HATCHBACK,FWD,FRONT,93.7,157.3,64.4,50.8,1944,OHC,4,92,2BBL,2.97,3.23,9.4,68,5500,31,38,6189.0,MITSUBISHI
78,79,2,MITSUBISHI OUTLANDER,GAS,STD,2,HATCHBACK,FWD,FRONT,93.7,157.3,64.4,50.8,2004,OHC,4,92,2BBL,2.97,3.23,9.4,68,5500,31,38,6669.0,MITSUBISHI
79,80,1,MITSUBISHI G4,GAS,TURBO,2,HATCHBACK,FWD,FRONT,93.0,157.3,63.8,50.8,2145,OHC,4,98,SPDI,3.03,3.39,7.6,102,5500,24,30,7689.0,MITSUBISHI
80,81,3,MITSUBISHI MIRAGE G4,GAS,TURBO,2,HATCHBACK,FWD,FRONT,96.3,173.0,65.4,49.4,2370,OHC,4,110,SPDI,3.17,3.46,7.5,116,5500,23,30,9959.0,MITSUBISHI
81,82,3,MITSUBISHI G4,GAS,STD,2,HATCHBACK,FWD,FRONT,96.3,173.0,65.4,49.4,2328,OHC,4,122,2BBL,3.35,3.46,8.5,88,5000,25,32,8499.0,MITSUBISHI
82,83,3,MITSUBISHI OUTLANDER,GAS,TURBO,2,HATCHBACK,FWD,FRONT,95.9,173.2,66.3,50.2,2833,OHC,4,156,SPDI,3.58,3.86,7.0,145,5000,19,24,12629.0,MITSUBISHI
83,84,3,MITSUBISHI G4,GAS,TURBO,2,HATCHBACK,FWD,FRONT,95.9,173.2,66.3,50.2,2921,OHC,4,156,SPDI,3.59,3.86,7.0,145,5000,19,24,14869.0,MITSUBISHI
84,85,3,MITSUBISHI MIRAGE G4,GAS,TURBO,2,HATCHBACK,FWD,FRONT,95.9,173.2,66.3,50.2,2926,OHC,4,156,SPDI,3.59,3.86,7.0,145,5000,19,24,14489.0,MITSUBISHI
85,86,1,MITSUBISHI MONTERO,GAS,STD,4,SEDAN,FWD,FRONT,96.3,172.4,65.4,51.6,2365,OHC,4,122,2BBL,3.35,3.46,8.5,88,5000,25,32,6989.0,MITSUBISHI
86,87,1,MITSUBISHI PAJERO,GAS,STD,4,SEDAN,FWD,FRONT,96.3,172.4,65.4,51.6,2405,OHC,4,122,2BBL,3.35,3.46,8.5,88,5000,25,32,8189.0,MITSUBISHI
87,88,1,MITSUBISHI OUTLANDER,GAS,TURBO,4,SEDAN,FWD,FRONT,96.3,172.4,65.4,51.6,2403,OHC,4,110,SPDI,3.17,3.46,7.5,116,5500,23,30,9279.0,MITSUBISHI
88,89,-1,MITSUBISHI MIRAGE G4,GAS,STD,4,SEDAN,FWD,FRONT,96.3,172.4,65.4,51.6,2403,OHC,4,110,SPDI,3.17,3.46,7.5,116,5500,23,30,9279.0,MITSUBISHI
89,90,1,NISSAN VERSA,GAS,STD,2,SEDAN,FWD,FRONT,94.5,165.3,63.8,54.5,1889,OHC,4,97,2BBL,3.15,3.29,9.4,69,5200,31,37,5499.0,NISSAN
90,91,1,NISSAN GT-R,DIESEL,STD,2,SEDAN,FWD,FRONT,94.5,165.3,63.8,54.5,2017,OHC,4,103,IDI,2.99,3.47,21.9,55,4800,45,50,7099.0,NISSAN
91,92,1,NISSAN ROGUE,GAS,STD,2,SEDAN,FWD,FRONT,94.5,165.3,63.8,54.5,1918,OHC,4,97,2BBL,3.15,3.29,9.4,69,5200,31,37,6649.0,NISSAN
92,93,1,NISSAN LATIO,GAS,STD,4,SEDAN,FWD,FRONT,94.5,165.3,63.8,54.5,1938,OHC,4,97,2BBL,3.15,3.29,9.4,69,5200,31,37,6849.0,NISSAN
93,94,1,NISSAN TITAN,GAS,STD,4,WAGON,FWD,FRONT,94.5,170.2,63.8,53.5,2024,OHC,4,97,2BBL,3.15,3.29,9.4,69,5200,31,37,7349.0,NISSAN
94,95,1,NISSAN LEAF,GAS,STD,2,SEDAN,FWD,FRONT,94.5,165.3,63.8,54.5,1951,OHC,4,97,2BBL,3.15,3.29,9.4,69,5200,31,37,7299.0,NISSAN
95,96,1,NISSAN JUKE,GAS,STD,2,HATCHBACK,FWD,FRONT,94.5,165.6,63.8,53.3,2028,OHC,4,97,2BBL,3.15,3.29,9.4,69,5200,31,37,7799.0,NISSAN
96,97,1,NISSAN LATIO,GAS,STD,4,SEDAN,FWD,FRONT,94.5,165.3,63.8,54.5,1971,OHC,4,97,2BBL,3.15,3.29,9.4,69,5200,31,37,7499.0,NISSAN
97,98,1,NISSAN NOTE,GAS,STD,4,WAGON,FWD,FRONT,94.5,170.2,63.8,53.5,2037,OHC,4,97,2BBL,3.15,3.29,9.4,69,5200,31,37,7999.0,NISSAN
98,99,2,NISSAN CLIPPER,GAS,STD,2,HARDTOP,FWD,FRONT,95.1,162.4,63.8,53.3,2008,OHC,4,97,2BBL,3.15,3.29,9.4,69,5200,31,37,8249.0,NISSAN
99,100,0,NISSAN ROGUE,GAS,STD,4,HATCHBACK,FWD,FRONT,97.2,173.4,65.2,54.7,2324,OHC,4,120,2BBL,3.33,3.47,8.5,97,5200,27,34,8949.0,NISSAN
100,101,0,NISSAN NV200,GAS,STD,4,SEDAN,FWD,FRONT,97.2,173.4,65.2,54.7,2302,OHC,4,120,2BBL,3.33,3.47,8.5,97,5200,27,34,9549.0,NISSAN
101,102,0,NISSAN DAYZ,GAS,STD,4,SEDAN,FWD,FRONT,100.4,181.7,66.5,55.1,3095,OHCV,6,181,MPFI,3.43,3.27,9.0,152,5200,17,22,13499.0,NISSAN
102,103,0,NISSAN FUGA,GAS,STD,4,WAGON,FWD,FRONT,100.4,184.6,66.5,56.1,3296,OHCV,6,181,MPFI,3.43,3.27,9.0,152,5200,17,22,14399.0,NISSAN
103,104,0,NISSAN OTTI,GAS,STD,4,SEDAN,FWD,FRONT,100.4,184.6,66.5,55.1,3060,OHCV,6,181,MPFI,3.43,3.27,9.0,152,5200,19,25,13499.0,NISSAN
104,105,3,NISSAN TEANA,GAS,STD,2,HATCHBACK,RWD,FRONT,91.3,170.7,67.9,49.7,3071,OHCV,6,181,MPFI,3.43,3.27,9.0,160,5200,19,25,17199.0,NISSAN
105,106,3,NISSAN KICKS,GAS,TURBO,2,HATCHBACK,RWD,FRONT,91.3,170.7,67.9,49.7,3139,OHCV,6,181,MPFI,3.43,3.27,7.8,200,5200,17,23,19699.0,NISSAN
106,107,1,NISSAN CLIPPER,GAS,STD,2,HATCHBACK,RWD,FRONT,99.2,178.5,67.9,49.7,3139,OHCV,6,181,MPFI,3.43,3.27,9.0,160,5200,19,25,18399.0,NISSAN
107,108,0,PEUGEOT 504,GAS,STD,4,SEDAN,RWD,FRONT,107.9,186.7,68.4,56.7,3020,L,4,120,MPFI,3.46,3.19,8.4,97,5000,19,24,11900.0,PEUGEOT
108,109,0,PEUGEOT 304,DIESEL,TURBO,4,SEDAN,RWD,FRONT,107.9,186.7,68.4,56.7,3197,L,4,152,IDI,3.7,3.52,21.0,95,4150,28,33,13200.0,PEUGEOT
109,110,0,PEUGEOT 504 (SW),GAS,STD,4,WAGON,RWD,FRONT,114.2,198.9,68.4,58.7,3230,L,4,120,MPFI,3.46,3.19,8.4,97,5000,19,24,12440.0,PEUGEOT
110,111,0,PEUGEOT 504,DIESEL,TURBO,4,WAGON,RWD,FRONT,114.2,198.9,68.4,58.7,3430,L,4,152,IDI,3.7,3.52,21.0,95,4150,25,25,13860.0,PEUGEOT
111,112,0,PEUGEOT 504,GAS,STD,4,SEDAN,RWD,FRONT,107.9,186.7,68.4,56.7,3075,L,4,120,MPFI,3.46,2.19,8.4,95,5000,19,24,15580.0,PEUGEOT
112,113,0,PEUGEOT 604SL,DIESEL,TURBO,4,SEDAN,RWD,FRONT,107.9,186.7,68.4,56.7,3252,L,4,152,IDI,3.7,3.52,21.0,95,4150,28,33,16900.0,PEUGEOT
113,114,0,PEUGEOT 504,GAS,STD,4,WAGON,RWD,FRONT,114.2,198.9,68.4,56.7,3285,L,4,120,MPFI,3.46,2.19,8.4,95,5000,19,24,16695.0,PEUGEOT
114,115,0,PEUGEOT 505S TURBO DIESEL,DIESEL,TURBO,4,WAGON,RWD,FRONT,114.2,198.9,68.4,58.7,3485,L,4,152,IDI,3.7,3.52,21.0,95,4150,25,25,17075.0,PEUGEOT
115,116,0,PEUGEOT 504,GAS,STD,4,SEDAN,RWD,FRONT,107.9,186.7,68.4,56.7,3075,L,4,120,MPFI,3.46,3.19,8.4,97,5000,19,24,16630.0,PEUGEOT
116,117,0,PEUGEOT 504,DIESEL,TURBO,4,SEDAN,RWD,FRONT,107.9,186.7,68.4,56.7,3252,L,4,152,IDI,3.7,3.52,21.0,95,4150,28,33,17950.0,PEUGEOT
117,118,0,PEUGEOT 604SL,GAS,TURBO,4,SEDAN,RWD,FRONT,108.0,186.7,68.3,56.0,3130,L,4,134,MPFI,3.61,3.21,7.0,142,5600,18,24,18150.0,PEUGEOT
118,119,1,PLYMOUTH FURY III,GAS,STD,2,HATCHBACK,FWD,FRONT,93.7,157.3,63.8,50.8,1918,OHC,4,90,2BBL,2.97,3.23,9.4,68,5500,37,41,5572.0,PLYMOUTH
119,120,1,PLYMOUTH CRICKET,GAS,TURBO,2,HATCHBACK,FWD,FRONT,93.7,157.3,63.8,50.8,2128,OHC,4,98,SPDI,3.03,3.39,7.6,102,5500,24,30,7957.0,PLYMOUTH
120,121,1,PLYMOUTH FURY III,GAS,STD,4,HATCHBACK,FWD,FRONT,93.7,157.3,63.8,50.6,1967,OHC,4,90,2BBL,2.97,3.23,9.4,68,5500,31,38,6229.0,PLYMOUTH
121,122,1,PLYMOUTH SATELLITE CUSTOM (SW),GAS,STD,4,SEDAN,FWD,FRONT,93.7,167.3,63.8,50.8,1989,OHC,4,90,2BBL,2.97,3.23,9.4,68,5500,31,38,6692.0,PLYMOUTH
122,123,1,PLYMOUTH FURY GRAN SEDAN,GAS,STD,4,SEDAN,FWD,FRONT,93.7,167.3,63.8,50.8,2191,OHC,4,98,2BBL,2.97,3.23,9.4,68,5500,31,38,7609.0,PLYMOUTH
123,124,-1,PLYMOUTH VALIANT,GAS,STD,4,WAGON,FWD,FRONT,103.3,174.6,64.6,59.8,2535,OHC,4,122,2BBL,3.35,3.46,8.5,88,5000,24,30,8921.0,PLYMOUTH
124,125,3,PLYMOUTH DUSTER,GAS,TURBO,2,HATCHBACK,RWD,FRONT,95.9,173.2,66.3,50.2,2818,OHC,4,156,SPDI,3.59,3.86,7.0,145,5000,19,24,12764.0,PLYMOUTH
125,126,3,PORSCHE MACAN,GAS,STD,2,HATCHBACK,RWD,FRONT,94.5,168.9,68.3,50.2,2778,OHC,4,151,MPFI,3.94,3.11,9.5,143,5500,19,27,22018.0,PORSCHE
126,127,3,PORCSHCE PANAMERA,GAS,STD,2,HARDTOP,RWD,REAR,89.5,168.9,65.0,51.6,2756,OHCF,6,194,MPFI,3.74,2.9,9.5,207,5900,17,25,32528.0,PORCSHCE
127,128,3,PORSCHE CAYENNE,GAS,STD,2,HARDTOP,RWD,REAR,89.5,168.9,65.0,51.6,2756,OHCF,6,194,MPFI,3.74,2.9,9.5,207,5900,17,25,34028.0,PORSCHE
128,129,3,PORSCHE BOXTER,GAS,STD,2,CONVERTIBLE,RWD,REAR,89.5,168.9,65.0,51.6,2800,OHCF,6,194,MPFI,3.74,2.9,9.5,207,5900,17,25,37028.0,PORSCHE
129,130,1,PORSCHE CAYENNE,GAS,STD,2,HATCHBACK,RWD,FRONT,98.4,175.7,72.3,50.5,3366,DOHCV,8,203,MPFI,3.94,3.11,10.0,288,5750,17,28,31400.5,PORSCHE
130,131,0,RENAULT 12TL,GAS,STD,4,WAGON,FWD,FRONT,96.1,181.5,66.5,55.2,2579,OHC,4,132,MPFI,3.46,3.9,8.7,90,5100,23,31,9295.0,RENAULT
131,132,2,RENAULT 5 GTL,GAS,STD,2,HATCHBACK,FWD,FRONT,96.1,176.8,66.6,50.5,2460,OHC,4,132,MPFI,3.46,3.9,8.7,90,5100,23,31,9895.0,RENAULT
132,133,3,SAAB 99E,GAS,STD,2,HATCHBACK,FWD,FRONT,99.1,186.6,66.5,56.1,2658,OHC,4,121,MPFI,3.54,3.07,9.31,110,5250,21,28,11850.0,SAAB
133,134,2,SAAB 99LE,GAS,STD,4,SEDAN,FWD,FRONT,99.1,186.6,66.5,56.1,2695,OHC,4,121,MPFI,3.54,3.07,9.3,110,5250,21,28,12170.0,SAAB
134,135,3,SAAB 99LE,GAS,STD,2,HATCHBACK,FWD,FRONT,99.1,186.6,66.5,56.1,2707,OHC,4,121,MPFI,2.54,2.07,9.3,110,5250,21,28,15040.0,SAAB
135,136,2,SAAB 99GLE,GAS,STD,4,SEDAN,FWD,FRONT,99.1,186.6,66.5,56.1,2758,OHC,4,121,MPFI,3.54,3.07,9.3,110,5250,21,28,15510.0,SAAB
136,137,3,SAAB 99GLE,GAS,TURBO,2,HATCHBACK,FWD,FRONT,99.1,186.6,66.5,56.1,2808,DOHC,4,121,MPFI,3.54,3.07,9.0,160,5500,19,26,18150.0,SAAB
137,138,2,SAAB 99E,GAS,TURBO,4,SEDAN,FWD,FRONT,99.1,186.6,66.5,56.1,2847,DOHC,4,121,MPFI,3.54,3.07,9.0,160,5500,19,26,18620.0,SAAB
138,139,2,SUBARU,GAS,STD,2,HATCHBACK,FWD,FRONT,93.7,156.9,63.4,53.7,2050,OHCF,4,97,2BBL,3.62,2.36,9.0,69,4900,31,36,5118.0,SUBARU
139,140,2,SUBARU DL,GAS,STD,2,HATCHBACK,FWD,FRONT,93.7,157.9,63.6,53.7,2120,OHCF,4,108,2BBL,3.62,2.64,8.7,73,4400,26,31,7053.0,SUBARU
140,141,2,SUBARU DL,GAS,STD,2,HATCHBACK,4WD,FRONT,93.3,157.3,63.8,55.7,2240,OHCF,4,108,2BBL,3.62,2.64,8.7,73,4400,26,31,7603.0,SUBARU
141,142,0,SUBARU,GAS,STD,4,SEDAN,FWD,FRONT,97.2,172.0,65.4,52.5,2145,OHCF,4,108,2BBL,3.62,2.64,9.5,82,4800,32,37,7126.0,SUBARU
142,143,0,SUBARU BRZ,GAS,STD,4,SEDAN,FWD,FRONT,97.2,172.0,65.4,52.5,2190,OHCF,4,108,2BBL,3.62,2.64,9.5,82,4400,28,33,7775.0,SUBARU
143,144,0,SUBARU BAJA,GAS,STD,4,SEDAN,FWD,FRONT,97.2,172.0,65.4,52.5,2340,OHCF,4,108,MPFI,3.62,2.64,9.0,94,5200,26,32,9960.0,SUBARU
144,145,0,SUBARU R1,GAS,STD,4,SEDAN,4WD,FRONT,97.0,172.0,65.4,54.3,2385,OHCF,4,108,2BBL,3.62,2.64,9.0,82,4800,24,25,9233.0,SUBARU
145,146,0,SUBARU R2,GAS,TURBO,4,SEDAN,4WD,FRONT,97.0,172.0,65.4,54.3,2510,OHCF,4,108,MPFI,3.62,2.64,7.7,111,4800,24,29,11259.0,SUBARU
146,147,0,SUBARU TREZIA,GAS,STD,4,WAGON,FWD,FRONT,97.0,173.5,65.4,53.0,2290,OHCF,4,108,2BBL,3.62,2.64,9.0,82,4800,28,32,7463.0,SUBARU
147,148,0,SUBARU TRIBECA,GAS,STD,4,WAGON,FWD,FRONT,97.0,173.5,65.4,53.0,2455,OHCF,4,108,MPFI,3.62,2.64,9.0,94,5200,25,31,10198.0,SUBARU
148,149,0,SUBARU DL,GAS,STD,4,WAGON,4WD,FRONT,96.9,173.6,65.4,54.9,2420,OHCF,4,108,2BBL,3.62,2.64,9.0,82,4800,23,29,8013.0,SUBARU
149,150,0,SUBARU DL,GAS,TURBO,4,WAGON,4WD,FRONT,96.9,173.6,65.4,54.9,2650,OHCF,4,108,MPFI,3.62,2.64,7.7,111,4800,23,23,11694.0,SUBARU
150,151,1,TOYOTA CORONA MARK II,GAS,STD,2,HATCHBACK,FWD,FRONT,95.7,158.7,63.6,54.5,1985,OHC,4,92,2BBL,3.05,3.03,9.0,62,4800,35,39,5348.0,TOYOTA
151,152,1,TOYOTA CORONA,GAS,STD,2,HATCHBACK,FWD,FRONT,95.7,158.7,63.6,54.5,2040,OHC,4,92,2BBL,3.05,3.03,9.0,62,4800,31,38,6338.0,TOYOTA
152,153,1,TOYOTA COROLLA 1200,GAS,STD,4,HATCHBACK,FWD,FRONT,95.7,158.7,63.6,54.5,2015,OHC,4,92,2BBL,3.05,3.03,9.0,62,4800,31,38,6488.0,TOYOTA
153,154,0,TOYOTA CORONA HARDTOP,GAS,STD,4,WAGON,FWD,FRONT,95.7,169.7,63.6,59.1,2280,OHC,4,92,2BBL,3.05,3.03,9.0,62,4800,31,37,6918.0,TOYOTA
154,155,0,TOYOTA COROLLA 1600 (SW),GAS,STD,4,WAGON,4WD,FRONT,95.7,169.7,63.6,59.1,2290,OHC,4,92,2BBL,3.05,3.03,9.0,62,4800,27,32,7898.0,TOYOTA
155,156,0,TOYOTA CARINA,GAS,STD,4,WAGON,4WD,FRONT,95.7,169.7,63.6,59.1,3110,OHC,4,92,2BBL,3.05,3.03,9.0,62,4800,27,32,8778.0,TOYOTA
156,157,0,TOYOTA MARK II,GAS,STD,4,SEDAN,FWD,FRONT,95.7,166.3,64.4,53.0,2081,OHC,4,98,2BBL,3.19,3.03,9.0,70,4800,30,37,6938.0,TOYOTA
157,158,0,TOYOTA COROLLA 1200,GAS,STD,4,HATCHBACK,FWD,FRONT,95.7,166.3,64.4,52.8,2109,OHC,4,98,2BBL,3.19,3.03,9.0,70,4800,30,37,7198.0,TOYOTA
158,159,0,TOYOTA CORONA,DIESEL,STD,4,SEDAN,FWD,FRONT,95.7,166.3,64.4,53.0,2275,OHC,4,110,IDI,3.27,3.35,22.5,56,4500,34,36,7898.0,TOYOTA
159,160,0,TOYOTA COROLLA,DIESEL,STD,4,HATCHBACK,FWD,FRONT,95.7,166.3,64.4,52.8,2275,OHC,4,110,IDI,3.27,3.35,22.5,56,4500,38,47,7788.0,TOYOTA
160,161,0,TOYOTA CORONA,GAS,STD,4,SEDAN,FWD,FRONT,95.7,166.3,64.4,53.0,2094,OHC,4,98,2BBL,3.19,3.03,9.0,70,4800,38,47,7738.0,TOYOTA
161,162,0,TOYOTA COROLLA,GAS,STD,4,HATCHBACK,FWD,FRONT,95.7,166.3,64.4,52.8,2122,OHC,4,98,2BBL,3.19,3.03,9.0,70,4800,28,34,8358.0,TOYOTA
162,163,0,TOYOTA MARK II,GAS,STD,4,SEDAN,FWD,FRONT,95.7,166.3,64.4,52.8,2140,OHC,4,98,2BBL,3.19,3.03,9.0,70,4800,28,34,9258.0,TOYOTA
163,164,1,TOYOTA COROLLA LIFTBACK,GAS,STD,2,SEDAN,RWD,FRONT,94.5,168.7,64.0,52.6,2169,OHC,4,98,2BBL,3.19,3.03,9.0,70,4800,29,34,8058.0,TOYOTA
164,165,1,TOYOTA CORONA,GAS,STD,2,HATCHBACK,RWD,FRONT,94.5,168.7,64.0,52.6,2204,OHC,4,98,2BBL,3.19,3.03,9.0,70,4800,29,34,8238.0,TOYOTA
165,166,1,TOYOTA CELICA GT LIFTBACK,GAS,STD,2,SEDAN,RWD,FRONT,94.5,168.7,64.0,52.6,2265,DOHC,4,98,MPFI,3.24,3.08,9.4,112,6600,26,29,9298.0,TOYOTA
166,167,1,TOYOTA COROLLA TERCEL,GAS,STD,2,HATCHBACK,RWD,FRONT,94.5,168.7,64.0,52.6,2300,DOHC,4,98,MPFI,3.24,3.08,9.4,112,6600,26,29,9538.0,TOYOTA
167,168,2,TOYOTA CORONA LIFTBACK,GAS,STD,2,HARDTOP,RWD,FRONT,98.4,176.2,65.6,52.0,2540,OHC,4,146,MPFI,3.62,3.5,9.3,116,4800,24,30,8449.0,TOYOTA
168,169,2,TOYOTA COROLLA,GAS,STD,2,HARDTOP,RWD,FRONT,98.4,176.2,65.6,52.0,2536,OHC,4,146,MPFI,3.62,3.5,9.3,116,4800,24,30,9639.0,TOYOTA
169,170,2,TOYOTA STARLET,GAS,STD,2,HATCHBACK,RWD,FRONT,98.4,176.2,65.6,52.0,2551,OHC,4,146,MPFI,3.62,3.5,9.3,116,4800,24,30,9989.0,TOYOTA
170,171,2,TOYOTA TERCEL,GAS,STD,2,HARDTOP,RWD,FRONT,98.4,176.2,65.6,52.0,2679,OHC,4,146,MPFI,3.62,3.5,9.3,116,4800,24,30,11199.0,TOYOTA
171,172,2,TOYOTA COROLLA,GAS,STD,2,HATCHBACK,RWD,FRONT,98.4,176.2,65.6,52.0,2714,OHC,4,146,MPFI,3.62,3.5,9.3,116,4800,24,30,11549.0,TOYOTA
172,173,2,TOYOTA CRESSIDA,GAS,STD,2,CONVERTIBLE,RWD,FRONT,98.4,176.2,65.6,53.0,2975,OHC,4,146,MPFI,3.62,3.5,9.3,116,4800,24,30,17669.0,TOYOTA
173,174,-1,TOYOTA COROLLA,GAS,STD,4,SEDAN,FWD,FRONT,102.4,175.6,66.5,54.9,2326,OHC,4,122,MPFI,3.31,3.54,8.7,92,4200,29,34,8948.0,TOYOTA
174,175,-1,TOYOTA CELICA GT,DIESEL,TURBO,4,SEDAN,FWD,FRONT,102.4,175.6,66.5,54.9,2480,OHC,4,110,IDI,3.27,3.35,22.5,73,4500,30,33,10698.0,TOYOTA
175,176,-1,TOYOTA CORONA,GAS,STD,4,HATCHBACK,FWD,FRONT,102.4,175.6,66.5,53.9,2414,OHC,4,122,MPFI,3.31,3.54,8.7,92,4200,27,32,9988.0,TOYOTA
176,177,-1,TOYOTA COROLLA,GAS,STD,4,SEDAN,FWD,FRONT,102.4,175.6,66.5,54.9,2414,OHC,4,122,MPFI,3.31,3.54,8.7,92,4200,27,32,10898.0,TOYOTA
177,178,-1,TOYOTA MARK II,GAS,STD,4,HATCHBACK,FWD,FRONT,102.4,175.6,66.5,53.9,2458,OHC,4,122,MPFI,3.31,3.54,8.7,92,4200,27,32,11248.0,TOYOTA
178,179,3,TOYOTA COROLLA LIFTBACK,GAS,STD,2,HATCHBACK,RWD,FRONT,102.9,183.5,67.7,52.0,2976,DOHC,6,171,MPFI,3.27,3.35,9.3,161,5200,20,24,16558.0,TOYOTA
179,180,3,TOYOTA CORONA,GAS,STD,2,HATCHBACK,RWD,FRONT,102.9,183.5,67.7,52.0,3016,DOHC,6,171,MPFI,3.27,3.35,9.3,161,5200,19,24,15998.0,TOYOTA
180,181,-1,TOYOTA STARLET,GAS,STD,4,SEDAN,RWD,FRONT,104.5,187.8,66.5,54.1,3131,DOHC,6,171,MPFI,3.27,3.35,9.2,156,5200,20,24,15690.0,TOYOTA
181,182,-1,TOYOUTA TERCEL,GAS,STD,4,WAGON,RWD,FRONT,104.5,187.8,66.5,54.1,3151,DOHC,6,161,MPFI,3.27,3.35,9.2,156,5200,19,24,15750.0,TOYOTA
182,183,2,VOKSWAGEN RABBIT,DIESEL,STD,2,SEDAN,FWD,FRONT,97.3,171.7,65.5,55.7,2261,OHC,4,97,IDI,3.01,3.4,23.0,52,4800,37,46,7775.0,VOLKSWAGEN
183,184,2,VOLKSWAGEN 1131 DELUXE SEDAN,GAS,STD,2,SEDAN,FWD,FRONT,97.3,171.7,65.5,55.7,2209,OHC,4,109,MPFI,3.19,3.4,9.0,85,5250,27,34,7975.0,VOLKSWAGEN
184,185,2,VOLKSWAGEN MODEL 111,DIESEL,STD,4,SEDAN,FWD,FRONT,97.3,171.7,65.5,55.7,2264,OHC,4,97,IDI,3.01,3.4,23.0,52,4800,37,46,7995.0,VOLKSWAGEN
185,186,2,VOLKSWAGEN TYPE 3,GAS,STD,4,SEDAN,FWD,FRONT,97.3,171.7,65.5,55.7,2212,OHC,4,109,MPFI,3.19,3.4,9.0,85,5250,27,34,8195.0,VOLKSWAGEN
186,187,2,VOLKSWAGEN 411 (SW),GAS,STD,4,SEDAN,FWD,FRONT,97.3,171.7,65.5,55.7,2275,OHC,4,109,MPFI,3.19,3.4,9.0,85,5250,27,34,8495.0,VOLKSWAGEN
187,188,2,VOLKSWAGEN SUPER BEETLE,DIESEL,TURBO,4,SEDAN,FWD,FRONT,97.3,171.7,65.5,55.7,2319,OHC,4,97,IDI,3.01,3.4,23.0,68,4500,37,42,9495.0,VOLKSWAGEN
188,189,2,VOLKSWAGEN DASHER,GAS,STD,4,SEDAN,FWD,FRONT,97.3,171.7,65.5,55.7,2300,OHC,4,109,MPFI,3.19,3.4,10.0,100,5500,26,32,9995.0,VOLKSWAGEN
189,190,3,VW DASHER,GAS,STD,2,CONVERTIBLE,FWD,FRONT,94.5,159.3,64.2,55.6,2254,OHC,4,109,MPFI,3.19,3.4,8.5,90,5500,24,29,11595.0,VOLKSWAGEN
190,191,3,VW RABBIT,GAS,STD,2,HATCHBACK,FWD,FRONT,94.5,165.7,64.0,51.4,2221,OHC,4,109,MPFI,3.19,3.4,8.5,90,5500,24,29,9980.0,VOLKSWAGEN
191,192,0,VOLKSWAGEN RABBIT,GAS,STD,4,SEDAN,FWD,FRONT,100.4,180.2,66.9,55.1,2661,OHC,5,136,MPFI,3.19,3.4,8.5,110,5500,19,24,13295.0,VOLKSWAGEN
192,193,0,VOLKSWAGEN RABBIT CUSTOM,DIESEL,TURBO,4,SEDAN,FWD,FRONT,100.4,180.2,66.9,55.1,2579,OHC,4,97,IDI,3.01,3.4,23.0,68,4500,33,38,13845.0,VOLKSWAGEN
193,194,0,VOLKSWAGEN DASHER,GAS,STD,4,WAGON,FWD,FRONT,100.4,183.1,66.9,55.1,2563,OHC,4,109,MPFI,3.19,3.4,9.0,88,5500,25,31,12290.0,VOLKSWAGEN
194,195,-2,VOLVO 145E (SW),GAS,STD,4,SEDAN,RWD,FRONT,104.3,188.8,67.2,56.2,2912,OHC,4,141,MPFI,3.78,3.15,9.5,114,5400,23,28,12940.0,VOLVO
195,196,-1,VOLVO 144EA,GAS,STD,4,WAGON,RWD,FRONT,104.3,188.8,67.2,57.5,3034,OHC,4,141,MPFI,3.78,3.15,9.5,114,5400,23,28,13415.0,VOLVO
196,197,-2,VOLVO 244DL,GAS,STD,4,SEDAN,RWD,FRONT,104.3,188.8,67.2,56.2,2935,OHC,4,141,MPFI,3.78,3.15,9.5,114,5400,24,28,15985.0,VOLVO
197,198,-1,VOLVO 245,GAS,STD,4,WAGON,RWD,FRONT,104.3,188.8,67.2,57.5,3042,OHC,4,141,MPFI,3.78,3.15,9.5,114,5400,24,28,16515.0,VOLVO
198,199,-2,VOLVO 264GL,GAS,TURBO,4,SEDAN,RWD,FRONT,104.3,188.8,67.2,56.2,3045,OHC,4,130,MPFI,3.62,3.15,7.5,162,5100,17,22,18420.0,VOLVO
199,200,-1,VOLVO DIESEL,GAS,TURBO,4,WAGON,RWD,FRONT,104.3,188.8,67.2,57.5,3157,OHC,4,130,MPFI,3.62,3.15,7.5,162,5100,17,22,18950.0,VOLVO
200,201,-1,VOLVO 145E (SW),GAS,STD,4,SEDAN,RWD,FRONT,109.1,188.8,68.9,55.5,2952,OHC,4,141,MPFI,3.78,3.15,9.5,114,5400,23,28,16845.0,VOLVO
201,202,-1,VOLVO 144EA,GAS,TURBO,4,SEDAN,RWD,FRONT,109.1,188.8,68.8,55.5,3049,OHC,4,141,MPFI,3.78,3.15,8.7,160,5300,19,25,19045.0,VOLVO
202,203,-1,VOLVO 244DL,GAS,STD,4,SEDAN,RWD,FRONT,109.1,188.8,68.9,55.5,3012,OHCV,6,173,MPFI,3.58,2.87,8.8,134,5500,18,23,21485.0,VOLVO
203,204,-1,VOLVO 246,DIESEL,TURBO,4,SEDAN,RWD,FRONT,109.1,188.8,68.9,55.5,3217,OHC,6,145,IDI,3.01,3.4,23.0,106,4800,26,27,22470.0,VOLVO
204,205,-1,VOLVO 264GL,GAS,TURBO,4,SEDAN,RWD,FRONT,109.1,188.8,68.9,55.5,3062,OHC,4,141,MPFI,3.78,3.15,9.5,114,5400,19,25,22625.0,VOLVO
